ID,News,predicted_labels
FAKE_3000,ചന്ദനക്കുറിയണിഞ്ഞ് വിഎസ് അച്യുതാനന്ദൻ.,MOSTLY FALSE
FAKE_3001,നെറ്റിയില്‍ ചന്ദനക്കുറിയിട്ട് വിഎസ് അച്യുതാനന്ദന്‍റെ ചിത്രം,MOSTLY FALSE
FAKE_3002,മുഖ്യമന്ത്രി പിണറായി വിജയനെതിരെ വിഎസ് അച്യുതാനന്ദൻ തരംതാണ പരാമർശം നടത്തി,MOSTLY FALSE
FAKE_3003,വിശ്വസിച്ച് കൂടെ നിന്ന സഖാവ് അലനേയും സഖാവ് താഹയെയും ആ പാർട്ടി ചതിച്ചു പിന്നെയാണോ ഒരു സമൂഹത്തെ ചതിക്കാൻ പിണറായിക്ക് ബുദ്ധിമുട്ട്… പിണറായിയുടെ ഈ കാപട്യം ജനം തിരിച്ചറിയും – സഖാവ് വിഎസ്,MOSTLY FALSE
FAKE_3004,പിണറായി വിജയനെപ്പറ്റി വിഎസ് അച്യുതാനന്ദൻ തരംതാണ പരാമർശം നടത്തിയോ…? ,MOSTLY FALSE
FAKE_3005,വി എസ് അച്യുതാനന്ദൻ സുരേഷ് ഗോപിക്ക് പിന്തുണ പ്രഖ്യാപിച്ചോ….?,MOSTLY FALSE
FAKE_3006,കീർത്തി സുരേഷ് ഫർഹാൻ എന്ന മുസ്ലിം യുവാവിനെ കല്യാണം കഴിയ്ക്കുന്നു,MOSTLY FALSE
FAKE_3007,യെമനില്‍ പുരുഷന്‍മാര്‍ക്ക് രണ്ട് വിവാഹം നിര്‍ബന്ധമാക്കിക്കൊണ്ടുള്ള ഉത്തരവ് പുറത്തിറക്കി.,MOSTLY FALSE
FAKE_3008,ബിഹാറിൽ എട്ടു വയസുകാരിയുടെ വിവാഹം നടന്നു,MOSTLY FALSE
FAKE_3009,ബഹ്‌റൈനിലെ ഇസ്രയേല്‍ എംബസിക്ക് പലസ്തീന്‍ അനുകൂലികള്‍ തീയിട്ടു.,MOSTLY FALSE
FAKE_3010,"സ്നേഹത്തില്‍ പൊതിഞ്ഞ പാവക്കുട്ടികള്‍, ഈ സമ്മാനമെല്ലാം പലസ്‌തീനിലെ കുട്ടികള്‍ക്കോ?",MOSTLY FALSE
FAKE_3011,"ഗാസയിലെ കുട്ടികളെ ചേര്‍ത്തുനിര്‍ത്തി ക്രിസ്റ്റ്യാനോ റൊണാള്‍ഡോ, പലസ്‌തീന് പിന്തുണ'; വീഡിയോ സത്യമോ?",MOSTLY FALSE
FAKE_3012,സഹതാപത്തിനായി പലസ്തീനിലെ ജനങ്ങള്‍ മേക്കപ്പിലൂടെ പരിക്കുകള്‍ സൃഷ്ടിക്കുന്നു,MOSTLY FALSE
FAKE_3013,ഫലസ്തീൻ പതാകയണിഞ്ഞ് ക്രിസ്റ്റ്യാനോ റൊണാൾഡോ..,MOSTLY FALSE
FAKE_3014,പലസ്തീൻ പതാകയണിഞ്ഞ് ക്രിസ്റ്റ്യാനോ റൊണാൾഡോ.,MOSTLY FALSE
FAKE_3015,"ഗാസയിലേക്ക് ചുമടായി ഭക്ഷണവും വെള്ളവും എത്തിക്കുന്ന നൂറുകണക്കിന് ഈജിപ്‌തുകാര്‍', വീഡിയോ വ്യാജം",MOSTLY FALSE
FAKE_3016,ഗാസയിൽ ഇസ്രയേല്‍ യുദ്ധ ഹെലികോപ്റ്റര്‍ ഹമാസ് വെടിവച്ചിട്ടോ; വീഡിയോ പ്രചരിക്കുന്നു,MOSTLY FALSE
FAKE_3017,"പലസ്തീന്‍ പതാക വീശി ഗാസയ്ക്ക് പിന്തുണയുമായി ക്രിസ്റ്റ്യാനോ റൊണാള്‍ഡോ'! വീഡിയോ വൈറല്‍, ശരിയോ?",MOSTLY FALSE
FAKE_3018,പലസ്‌തീന് പരസ്യ പിന്തുണയുമായി അയര്‍ലന്‍ഡിലെ ഫുട്ബോള്‍ കാണികള്‍?,MOSTLY FALSE
FAKE_3019,മലയാളി നടനും സംവിധായകനുമായ കലാഭവൻ ഷാജോണും കുടുംബവും കോൺഗ്രസിൽ ചേർന്നു.,MOSTLY FALSE
FAKE_3020,നാളികേര വികസന ബോർഡ് എന്ന് മലയാളത്തിൽ അറിയപ്പെടുന്ന Coconut Development Boardന്റെ (CDB) വൈസ് ചെയർമാനായി 2014ൽ ബിജെപി സ്ഥാനാർഥിയായി താനൂരിൽ മത്സരിച്ച നാരായണൻ മാസ്റ്ററെ പിണറായി സർക്കാർ നിയമിച്ചു,MOSTLY FALSE
FAKE_3021,മലയാളിയായ ഐഎസ് അംഗം നജീബ് അൽഹിന്ദിനുശേഷം മുഹമ്മദ് മുഹ്സിന്‍ എന്ന മറ്റൊരു മലയാളികൂടി അഫ്‌ഘാനിസ്ഥാനിൽ കൊല്ലപ്പെട്ടു.,MOSTLY FALSE
FAKE_3022,വാരിയം കുന്നനെ അറസ്റ്റ് ചെയ്തതായി മലയാള മനോരമ നല്‍കിയ വാര്‍ത്ത.,MOSTLY FALSE
FAKE_3023,മലയാള സിനിമ നടനും സംവിധായകനുമായ ശ്രീനിവാസൻ നിര്യാതനായി,MOSTLY FALSE
FAKE_3024,ബിജെപി ജയിച്ചാൽ ആത്യഹത്യ ചെയ്യുമെന്ന് നടൻ മധുപാൽ പറഞ്ഞിരുന്നോ…?,MOSTLY FALSE
FAKE_3025,മലയാളി ജവാന്‍ ശ്രീജിത്തിന്റെ മരണത്തിന് സൈന്യം തിരിച്ചടി നല്‍കുന്ന ദൃശ്യങ്ങള്‍,MOSTLY FALSE
FAKE_3026,കോയമ്പത്തുരിൽ ചില റെസ്റ്റാറ്റാറ ണ്ടുകളിൽ ഹിന്ദു കസ്റ്റമര്മാർക്ക് പ്രത്യുത്പാദനശേഷി നശിക്കാനുള്ള മരുന്ന് ചേർത്ത് ബിരിയാണിയും മുസ്‌ലിംകൾക്ക് ആ മരുന്ന് ചേർക്കാത്ത ബിരിയാണിയും വിളമ്പിയതിന് ചിലരെ പോലീസ് അറസ്റ്റ് ചെയ്തു,MOSTLY FALSE
FAKE_3027,കടുത്ത മഴയിൽ കേരളത്തിലെ റോഡിലൂടെ ഒഴുകിപ്പോകുന്ന ബിരിയാണി ചെമ്പിന്റെ വീഡിയോ.,MOSTLY FALSE
FAKE_3028,കേരളത്തിലെ കുട്ടികൾ മയക്കുമരുന്ന് ഉപയോഗിക്കുന്നു.,MOSTLY FALSE
FAKE_3029,ഇന്തോനേഷ്യയിലെ ഒരു പോലീസ് ഉദ്യോഗസ്ഥന്‍ കൈകൂലി വാങ്ങുമ്പോള്‍ പിടിക്കപെട്ടു. ഇതിനു ശേഷം പരസ്യമായി ആ ഉദ്യോഗസ്ഥന്‍റെ യുണിഫോം ഊരിമാറ്റി ആ ഉദ്യോഗസ്ഥനെ പോലീസ് സേവനത്തില്‍ നിന്ന് പുറത്താക്കുന്നു,MOSTLY FALSE
FAKE_3030,രണ്ടു പെൺകുട്ടികളെ മയക്കുമരുന്ന് നൽകി ബോധരഹിതരാക്കാൻ ശ്രമിക്കുന്ന ആൺ സുഹൃത്തുക്കൾ.,MOSTLY FALSE
FAKE_3031,ബംഗ്ളൂർ എയർപോർട്ടിൽ വെച്ച് ഗൾഫിലേക്ക് കൂട്ടുകാരന്റെ കൈയിൽ കൊടുത്തുവിടാൻ ശ്രമിച്ച കല്യാണ ക്ഷണകത്തുകൾ പിടിക്കപ്പെട്ടു,MOSTLY FALSE
FAKE_3032,"”ഞങ്ങൾ എല്ലാവരും ഇന്ത്യൻ‘ ഹിമാലയൻ ഡ്രഗ് കമ്പനിയുടെ വളർച്ചയിൽ അഭിമാനിക്കുന്നു, പക്ഷേ അതിന്റെ ഉടമ മുഹമ്മദ് മനലിന്റെ മാനസികാവസ്ഥ കാണുകയും ഉൽപ്പന്നങ്ങൾ ഉപയോഗിക്കുന്നതിന് മുമ്പ് രണ്ടുതവണ ചിന്തിക്കുകയും ചെയ്യുക…”",MOSTLY FALSE
FAKE_3033,തവനൂര്‍ എംഎല്‍എ കെ.ടി.ജലീല്‍ തന്‍റെ പ്രദേശീക ഫണ്ട് വിനിയോഗിച്ച് നിര്‍മ്മിച്ച ബസ് കാത്തിരുപ്പ് കേന്ദ്രം,MOSTLY FALSE
FAKE_3034,കെ.ടി ജലീല്‍ എംഎല്‍എയുടെ പ്രദേശിക വികസന ഫണ്ടില്‍ നിന്ന് നിര്‍മിച്ച ബസ് കാത്തിരിപ്പ് കേന്ദ്രം.,MOSTLY FALSE
FAKE_3035,"പൊതുമുതൽ മോഷ്ടിക്കുന്നതിന്റെ നേർച്ചിത്രം... 11 ലക്ഷത്തിന്റെ സർക്കാർ ബസ് വെയിറ്റിംഗ് ഷെഡും, 1,22,700 രൂപക്ക് നാട്ടുകാർ നിർമിച്ച ബസ് വെയിറ്റിംഗ് ഷെഡും. വികസനത്തിന്റെ പേരിൽ രാഷ്ട്രീയക്കാർ അടിച്ചു മാറ്റുന്ന കോടികൾ എത്രയാണെന്നും എത്ര ലാഘവത്തോടെയാണ് പൊതു ഖജനാവ് കൊള്ളയടിക്കുന്നതെന്നും ...",MOSTLY FALSE
FAKE_3036,മുസ്ലിംങ്ങള്‍ അല്ലാത്തവര്‍ക്ക് സ്വര്‍ഗത്തില്‍ പോകാന്‍ സാധിക്കില്ലെന്ന്് ഉന്നതിവിദ്യാഭ്യാസമന്ത്രി കെ.ടി.ജലീല്‍ പറഞ്ഞു.,MOSTLY FALSE
FAKE_3037,ടി പി ചന്ദ്രശേഖരൻ വധത്തിന് പിന്നിൽ സി.പി.ഐ.എം ആണെന്ന് കെ.ടി ജലീൽ ഏറ്റുപറയുന്നു,MOSTLY FALSE
FAKE_3038,ഒരു മുസ്ലിമിന് കമ്മ്യൂണിസ്റ്റ്‌ ആവാൻ സാധ്യമല്ല എന്ന് KT ജലീൽ 1987ൽ നടത്തിയ ഒരു പ്രസംഗത്തിൽ പറഞ്ഞു.,MOSTLY FALSE
FAKE_3039,മന്ത്രി ജലീൽ സ്വപ്നയെ ഫോണിൽ വിളിക്കാറുള്ളത് റമദാൻ മാസം രാത്രി രണ്ടുമണി സമയങ്ങളിൽ എന്നാണ് ഏഷ്യാനെറ്റ് ചാനലിന്‍റെ സ്ക്രീൻ ഷോട്ട്,MOSTLY FALSE
FAKE_3040,പാക്കിസ്ഥാൻ ടീമിന് ചെന്നൈയിൽ ലഭിച്ച പിന്തുണ തമിഴ് നാട് സർക്കാര്‍ കാരണമാണ് എന്ന് പാക് ക്യാപ്റ്റൻ ബാബർ ആസം വ്യക്തമാക്കി,MOSTLY FALSE
FAKE_3041,തിരുവമ്പാടി ദേവസ്വത്തിന്റെ വസ്തുക്കള്‍ സര്‍ക്കാര്‍ വില്‍പ്പനയ്ക്ക് വച്ചിരിക്കുന്നു.,MOSTLY FALSE
FAKE_3042,പിണറായി സർക്കാർ നിർമ്മിച്ച കേരളത്തിലെ ഫ്‌ളൈഓവർ.,MOSTLY FALSE
FAKE_3043,കേരളത്തില്‍ സംസ്ഥാന സര്‍ക്കാര്‍ നിര്‍മ്മിച്ച മേല്‍പ്പാലം,MOSTLY FALSE
FAKE_3044,സര്‍ക്കാര്‍ ജീവനക്കാരുടെ ശമ്പളത്തില്‍ നിന്ന് നിശ്ചിത തുക പിടിച്ച് പ്രത്യേക നിധി രൂപീകരിക്കും.,MOSTLY FALSE
FAKE_3045,രാജസ്ഥാൻ സർക്കാർ കൊണ്ടുവന്ന പുതിയ നിയമ പ്രകാരം ഒരു പള്ളിയിലെയോ മദ്രസയിലെയോ ജീവനക്കാരോട് മോശമായി പെരുമാറിയാൽ മൂന്ന് വർഷം വരെ ശിക്ഷ ലഭിക്കും.,MOSTLY FALSE
FAKE_3046,ഉത്തർപ്രദേശിലെ ഒരു സർക്കാർ ഓഫീസിൽ ഉദ്യോഗസ്ഥൻ കർഷകരോട് കൈക്കൂലി ആവശ്യപ്പെട്ടതിന് കർഷകർ 40 പാമ്പുകളെ ഓഫീസിനുള്ളിൽ അഴിച്ചുവിട്ടു.,MOSTLY FALSE
FAKE_3047,"ഉത്തർ പ്രദേശിൽ ഒരു സർക്കാർ ഓഫീസിൽ ഉദ്യോഗസ്ഥൻ കർഷകരോട് കൈക്കൂലി ആവശ്യപ്പെട്ടു.. കർഷകർ 40 പാമ്പുകളെ കവറിലാക്കി അഴിച്ച് വിട്ട് ഓഫീസിന്റെ വാതിൽ പുറത്ത് നിന്ന് അടച്ചു, ഇനി ജീവിതത്തിൽ കൈക്കൂലി വാങ്ങിക്കില്ലെന്ന് കേണപേക്ഷിച്ചിട്ടാണെത്രേ ഉദ്യോഗസ്തരെ കർഷകർ രക്ഷപ്പെടുത്തിയത്. ഇങ്ങനെ രസകരമ...",MOSTLY FALSE
FAKE_3048,കാനഡ സർക്കാർ ആര്‍ എസ് എസിനെ നിരോധിച്ചു.,MOSTLY FALSE
FAKE_3049,ഉത്തരേന്ത്യയിൽ പോയി കുങ്കുമക്കുറി അണിഞ്ഞ് നിൽക്കുന്ന മന്ത്രി മുഹമ്മദ് റിയാസ്.,MOSTLY FALSE
FAKE_3050,റിയാസിനെ മന്ത്രിയാക്കിയത് വീണ വിജയൻ,MOSTLY FALSE
FAKE_3051,ഹരിയാനയിൽ ജാഥയ്ക്ക് കല്ലെറിയുന്ന സംഘ പരിവാർ പ്രവർത്തകർ.,MOSTLY FALSE
FAKE_3052,ഹരിയാനയില്‍ അക്രമം ആരംഭിച്ച കല്ലേറിന്റെ ദൃശ്യം.,MOSTLY FALSE
FAKE_3053,സ്വർണ്ണ നേട്ടവുമായി പറന്നിറങ്ങി ജാവലിൻ ചരിത്ര നേട്ടവുമായി സഖാവ് നീരജ് ചോപ്ര ഹരിയാനയിലെ മാർഗത്തിലെ ഡിവൈഎഫ്ഐ ലോക്കൽ കമ്മിറ്റി അംഗമാണ്,MOSTLY FALSE
FAKE_3054,തൂണേരിയില്‍ സ്ത്രീയുടെ മാല പൊട്ടിച്ച് ഓടിയ സിപിഎം ബ്രാഞ്ച് സെക്രട്ടറി പിടിയില്‍.,MOSTLY FALSE
FAKE_3055,മഹാരാഷ്‌ടയിൽ ദളിത് സ്ത്രീ ഹിന്ദു ക്ഷേത്രത്തിൽ കയറിയത് തല്ലി കൊല്ലുന്നു. ഇതാണ് സനാതന ധർമം,MOSTLY FALSE
FAKE_3056,മഹാരാഷ്ട്രയിൽ അമ്പലത്തിൽ കയറിയതിന് ദളിത് സ്ത്രീയെ കൊന്നു,MOSTLY FALSE
FAKE_3057,സംസാരിക്കാൻ കഴിയാത്ത സ്ത്രീയുടെ കുട്ടിയെ തട്ടിക്കൊണ്ട് പോകുന്ന വീഡിയോ.,MOSTLY FALSE
FAKE_3058,അധോവായു പുറന്തള്ളിയാല്‍ പിഴ ഈടാക്കുമെന്ന് ഏഷ്യാനെറ്റ് ന്യൂസ് വാര്‍ത്ത നല്‍കി,MOSTLY FALSE
FAKE_3059,ഏഷ്യാനെറ്റ് ന്യൂസ് ചാനലിലെ വാർത്താ അവതാരകനായ വിനു വി ജോണിന്‍റെ ട്വീറ്റ്,MOSTLY FALSE
FAKE_3060,വിമാനത്തില്‍ മുഖ്യമന്ത്രിക്കെതിരെ പ്രതിഷേധിച്ച സംഭവത്തിലെ മൂന്നാം പ്രതി ഏഷ്യാനെറ്റ് ന്യൂസ് റിപ്പോര്‍ട്ടറുടെ ഭാര്യ സഹോദരനാണെന്ന് മാതൃഭൂമി ന്യൂസ് വാര്‍ത്ത,MOSTLY FALSE
FAKE_3061,ചീഫ് സെക്രട്ടറിയുടെ ഗുജറാത്ത് സന്ദര്‍ശനം; ഏഷ്യാനെറ്റ് ന്യൂസ് ക്ഷമാപണം നടത്തിയെന്ന ന്യൂസ് കാര്‍ഡ്.,MOSTLY FALSE
FAKE_3062,"സൗജന്യ ഭക്ഷ്യകിറ്റ് സർക്കാരിന് ബാധ്യത, അടുത്ത സർക്കാരിന് ഇത് തുടരാനാകില്ല എന്ന് എൽ.ഡി.എഫ്‌ കൺവീനർ എ. വിജയരാഘവൻ പറഞ്ഞതായി ഏഷ്യാനെറ്റ്‌ ന്യൂസ്‌ റിപ്പോർട്ട്‌.",MOSTLY FALSE
FAKE_3063,ദലിത് ബാലന്‍റെ കൊലപാതകം; ഏഷ്യാനെറ്റ് ന്യൂസ് ഡോട് കോം വ്യാജ വാര്‍ത്ത നല്‍കിയെന്ന പ്രചാരണം പച്ചക്കള്ളം,MOSTLY FALSE
FAKE_3064,യൂണിടാക് ഉടമ സന്തോഷ് ഈപ്പനുമായുള്ള അഭിമുഖം ഏഷ്യാനെറ്റ് ന്യൂസ് മുക്കിയോ? പ്രചാരണം പച്ചക്കള്ളം,MOSTLY FALSE
FAKE_3065,ഉമ തോമസിന്‍റെ പേരില്‍ പ്രചരിക്കുന്ന ന്യൂസ് കാര്‍ഡ്,MOSTLY FALSE
FAKE_3066,ഇന്നു രാത്രി 12:30 മുതൽ 3:30 വരെ മൊബൈൽ സ്വിച്ച് ഓഫ്‌ ചെയ്യുക വളരെ നിർബന്ധമായും .സിംഗാപ്പൂർ ടിവി പുറത്തു വിട്ട വിവരമാണിത് .ഇതു വായിച്ചു നിങ്ങൾ നിങ്ങ്ളുടെ ശരീരം രക്ഷിക്കുക .നിങ്ങളുടെ കുടുംബത്തിൽ ഉള്ളവരെയും കൂട്ടുക്കാരെയും അറിയിക്കുക .ഇന്നു രാത്രി 1230 മുതൽ 3:30 വരെ ...,MOSTLY FALSE
FAKE_3067,നടന്‍ കൃഷ്ണപ്രസാദിന് നെല്‍കൃഷിയുടെ പണം കിട്ടിയില്ലെന്ന പ്രസ്ഥാവ പിന്‍വലിച്ച് ജയസൂര്യ മാപ്പ് പറഞ്ഞതായി വാര്‍ത്ത.,MOSTLY FALSE
FAKE_3068,മാസപ്പടി' വിവാദത്തില്‍ വാര്‍ത്ത നല്‍കരുതെന്ന് കേരള പത്രപ്രവര്‍ത്തക യൂണിയന്റെ നിര്‍ദ്ദേശം.,MOSTLY FALSE
FAKE_3069,ന്യൂഡൽഹി (വിശ്വാസ് ന്യൂസ്) മുംബൈ തലയില്ലാത്ത ശരീരം സ്യൂട്ട്കേസിൽ” സംഭവത്തിൽ വർഗീയ നിറമില്ല,MOSTLY FALSE
FAKE_3070,ലേഡീസ് ഹോസ്റ്റലിനു മുന്നില്‍ നഗ്നതാ പ്രദര്‍ശനം നടത്തിയ കേരള കോണ്‍ഗ്രസ് നേതാവ് എ.എച്ച് ഹാഫിസിനെ പൊലീസ് അറസ്റ്റ് ചെയ്തു.,MOSTLY FALSE
FAKE_3071,കേന്ദ്ര സേനയുടെ വെടിയുണ്ട പേടിച്ചാണ് വിഴിഞ്ഞം സമരം ഒത്തുതീര്‍പ്പില്‍ എത്തിയതെന്ന് കൈരളി ന്യൂസ് വാര്‍ത്ത,MOSTLY FALSE
FAKE_3072,മെസ്സിയെ ‘മെഴ്സി’ എന്ന തരത്തില്‍ എഴുതിയ മീഡിയവണ്‍ ന്യൂസ്‌ കാര്‍ഡ്‌,MOSTLY FALSE
FAKE_3073,സിനിമാതാരം മഞ്ജു വാര്യരുടെ SDPI ബന്ധം പുറത്തുവന്നു എന്ന് അവകാശപ്പെടുന്ന 24ന്യൂസ് ന്യൂസ് കാർഡ്. സിഎഎ വിരുദ്ധ കലാപം നടത്താൻ വിദേശഫണ്ട് ലഭിച്ച സിനിമാ താരങ്ങളുടെ കൂട്ടത്തിൽ മഞ്ജുവാര്യരുമുണ്ട്.,MOSTLY FALSE
FAKE_3074,ബൃന്ദ കാരാട്ട്‌ സിൽവർ ലൈൻ കല്ലിടാൻ വരുന്ന ഉദ്യോഗസ്ഥരെ തടയുന്നു.,MOSTLY FALSE
FAKE_3075,സിപിഎം പാർട്ടി കോൺഗ്രസ്സ് സ്ഥലത്ത് നിന്നും കോണ്ടവും മറ്റും കിട്ടി. കൃത്രിമമായി ഉണ്ടാക്കിയത്.,MOSTLY FALSE
FAKE_3076,"മുടി വെട്ടാന്‍ മാത്രം ബാര്‍ബര്‍ ഷോപ്പ് തുറക്കാം'""",MOSTLY FALSE
FAKE_3077,കോൺഗ്രസ് നേതൃത്വത്തിൽ ന്യൂനപക്ഷ സാന്നിധ്യമില്ലെന്ന് എം എം ഹസൻ .,MOSTLY FALSE
FAKE_3078,നട്ടെല്ലിന് ബലക്കുറവ് മുഖ്യമന്ത്രി ചികിത്സക്കായി അമേരിക്കയിലേക്ക്,MOSTLY FALSE
FAKE_3079,DyFI പ്രവർത്തകർ വീടിനു കാവൽ ഏർപ്പെടുത്തിയതിനാൽ ജോജു ജോർജ്ജ് ഭാര്യയെ വീട്ടിൽ നിന്നും മാറ്റി,MOSTLY FALSE
FAKE_3080,പരീക്ഷ എഴുതിയ വിദ്യാര്‍ത്ഥിക്ക് മാര്‍ക്കില്ല.. എഴുതാത്ത വിദ്യാര്‍ത്ഥിക്ക് ബി ഗ്രേഡ്.. എന്ന തലക്കെട്ടിലാണ് റിപ്പോര്‍ട്ടര്‍ ലൈവ് പ്രസിദ്ധീകരിച്ച വാര്‍ത്ത.,MOSTLY FALSE
FAKE_3081,മാതൃഭൂമി ന്യൂസ് എഡിറ്ററിനെയും ഭാര്യയെയും കെട്ടിയിട്ട് കവര്‍ച്ച നടത്തി,MOSTLY FALSE
FAKE_3082,24 ന്യൂസ് ചാനലിന്റെ ലൈവ് ഷോയ്ക്കിടെ പ്രതിപക്ഷ നേതാവ് വി.ഡി സതീശനെതിരെ ലൈംഗീക അതിക്രമ ആരോപണവുമായി വനിത.,MOSTLY FALSE
FAKE_3083,"ഡോളർ കടത്തു കേസ്, പിണറായി തിരഞ്ഞെടുപ്പിൽ മത്സരിക്കേണ്ട എന്ന് പി ബി പറഞ്ഞു - 24 ന്യൂസ്‌ റിപ്പോർട്ട്‌",MOSTLY FALSE
FAKE_3084,പ്രധാനമന്ത്രിയുടെ സാമ്പത്തിക പാക്കേജിനെ അപലപിച്ചു കൊണ്ട് 24 ന്യൂസ് ചാനൽ വാർത്ത പ്രസിദ്ധീകരിച്ചു,MOSTLY FALSE
FAKE_3085,സിപിഎം അനുകൂല സ്ഥാപനമായ ഊരാളുങ്കല്‍ സൊസൈറ്റി മുസ്ലീം-ക്രിസ്ത്യന്‍ വിഭാഗങ്ങള്‍ക്ക് മാത്രമായി ബാര്‍ ബൈന്‍ഡിംഗ് ആന്റ് സ്റ്റീല്‍ ഫിക്‌സിംഗ് കോഴ്‌സ് നടത്തുന്നു.,MOSTLY FALSE
FAKE_3086,ലിസി ആശുപത്രിയിലെ കാർഡിയോളജി വിഭാഗം ഡോക്ടറായ ജോ ജോസഫിന്റെ OP ടിക്കറ്റ് 750 രൂപയാണ്.,MOSTLY FALSE
FAKE_3087,കോവിഡ് മൂന്നാം തരംഗത്തെക്കുറിച്ച് ആസ്റ്റര്‍ മിംമ്‌സിലെ എമരര്‍ജെന്‍സി വിഭാഗം മേധാവി ഡോ.പി.പി.വേണുഗോപാല്‍ നല്‍കുന്ന മുന്‍കരുതല്‍.,MOSTLY FALSE
FAKE_3088,കോള കമ്പനി ജീവനക്കാരന് എബോള വൈറസ്-,MOSTLY FALSE
FAKE_3089,മേക്കപ്പിന്റെ സഹായത്തോടെ പാലസ്തീനുക്കാർ വ്യാജ പരിക്കുകൾ ഉണ്ടാക്കുന്നു. തങ്ങളെ ഇരകളായി ചിത്രീകരിക്കാനും കുറ്റം ഇസ്രായേലിന്റെ മേൽ ചുമത്താനുമാണിത്.,MOSTLY FALSE
FAKE_3090,ഇസ്രായേല്‍ ആക്രമിച്ച് കൊലപ്പെടുത്തിയെന്ന പേരില്‍ ഹമാസ് പ്രചരിപ്പിക്കുന്ന വ്യാജ വീഡിയോ,MOSTLY FALSE
FAKE_3091,"ഹമാസ് ആക്രമണത്തിൽ"" ഇസ്രായേലി ""കുട്ടിയുടെ മരണം"" എന്ന വ്യാജ വീഡിയോ",MOSTLY FALSE
FAKE_3092,സാംസങ് കമ്പനിയുടെ സമ്മാന പദ്ധതി,MOSTLY FALSE
FAKE_3093,"കേരളത്തിലും പൊട്ടിത്തെറി തുടങ്ങി... പോയിന്റ് 1:കേരളത്തിൽ തുടങ്ങി എന്നല്ല കേരളത്തിലും തുടങ്ങി എന്നാണ്.. പോയിന്റ് 2:കേരളത്തിൽ തുടങ്ങി, അതായത് തുടങ്ങിയിട്ടേ ഉള്ളൂ എന്ന്... ചിന്തിച്ചോളൂ...",MOSTLY FALSE
FAKE_3094,"ശിരോവസ്ത്രമില്ല, കുമ്പളയില്‍ ബസില്‍ ഹിന്ദു സ്ത്രീയെ മുസ്ലീം വിദ്യാര്‍ഥിനികള്‍ ശകാരിച്ചു' എന്ന് വ്യാജ പ്രചാരണം",MOSTLY FALSE
FAKE_3095,ഗോവയില്‍ വ്യജമായി കശുവണ്ടി നിര്‍മ്മിക്കുന്ന വീഡിയോ.,MOSTLY FALSE
FAKE_3096,"അമ്മയുടെ വീട് കോഴിക്കോട്, അച്ചന്റെ വീട് കണ്ണൂര് . കുട്ടികൾ കണ്ണൂര് നിന്നും കോഴിക്കേട്ടേക്ക് വരുകയാണ്. അങ്ങിനെ ലണ്ടനെ വെല്ലും വിധം നല്ല റോഡിലൂടെയാത്ര ചെയ്ത മൂത്ത കുട്ടിക്ക് നടുവേദന..... ഉടനെ അടുത്തുള്ള തലശ്ശേരി സർക്കാർ ആസ്പത്രിയിൽ കയറി ..... ഹോ ഇത് എന്തൊരു മാറ്റോണ് ....... ന്യൂയോ...",MOSTLY FALSE
FAKE_3097,കേള്‍വി തകരാറുള്ള കുട്ടികള്‍ക്ക് നടത്തുന്ന സൗജന്യ കോക്ലിയാര്‍ ഇംപ്ലാന്റേഷന്‍ സര്‍ജറി പിണറായി സര്‍ക്കാര്‍ നിര്‍ത്തലാക്കി.,MOSTLY FALSE
FAKE_3098,മുസ്ലീം വിദ്യാര്‍ഥികളോ അധ്യാപകരോ കൂടുതലുള്ള കേരളത്തിലെ സ്‌കൂളുകള്‍ക്ക് മുസ്ലീം പേര് നല്‍കുന്നു.,MOSTLY FALSE
FAKE_3099,ആലുവയില്‍ കൊല്ലപെട്ട അഞ്ചുവയസുകാരിയുടെ കുടുംബത്തിന് സര്‍ക്കാര്‍ ഒരു ലക്ഷം രൂപ മാത്രമാണ് നല്‍കിയത്.,MOSTLY FALSE
FAKE_3100,കാസർഗോഡ് ജില്ലയ്ക്ക് 37 അധിക പ്ലസ് വൺ ബാച്ചുകൾ അനുവദിച്ച് സംസ്ഥാന സർക്കാർ.,MOSTLY FALSE
FAKE_3101,മണിപ്പൂരിലെ സർക്കാർ നടപടികളെ ന്യായീകരിച്ചതിന് നോയിഡയിൽ ബിജെപി നേതാവിനെ നാട്ടുകാർ ഓടിച്ചിട്ട് തല്ലുന്നു.,MOSTLY FALSE
FAKE_3102,ഹജ്ജ് തീർത്ഥാടകർക്ക് സൗദി സർക്കാർ നൽകുന്ന സമ്മാനങ്ങൾ.,MOSTLY FALSE
FAKE_3103,ഹജ്ജ് തീർത്ഥാടകർക്ക് സൗദി സർക്കാരിന്റെ സമ്മാന പെട്ടി.,MOSTLY FALSE
FAKE_3104,ഹിന്ദിയെയും സംസ്‌കൃതത്തെയും പരിഗണിക്കാതെ കേരള സർക്കാർ അറബി ഭാഷയെ പ്രോത്സാഹിപ്പിക്കുന്നു.,MOSTLY FALSE
FAKE_3105,"കൊച്ചി മെട്രോയിൽ 819 കോടിയുടെ കേന്ദ്രവിഹിതം, സംസ്ഥാന സർക്കാരിൻ്റെ വിഹിതം പൂജ്യം",MOSTLY FALSE
FAKE_3106,ഗോവയില്‍ വ്യാജ കശുവണ്ടി നിര്‍മ്മിക്കുന്നു.,MOSTLY FALSE
FAKE_3107,ന്യൂനപക്ഷങ്ങൾക്ക് മാത്രമായി പ്രത്യേക വിദ്യാഭ്യാസ സഹായ നിധിയും വികസന പദ്ധതികളും.,MOSTLY FALSE
FAKE_3108,മുസ്ലീം വോട്ട് ലക്ഷ്യം വച്ച് ഇഫ്താര്‍ സംഘടിപ്പിക്കുന്ന സര്‍ക്കാര്‍ മറ്റ് മതസ്ഥരുടെ ആഘോഷങ്ങള്‍ അവഗണിക്കുന്നു.,MOSTLY FALSE
FAKE_3109,മലാപറമ്പ്-പുതുപ്പാടി റോഡ് നവീകരണം സംസ്ഥാന സര്‍ക്കാരിന് യാതൊരു പങ്കാളിത്തവുമില്ലാത്ത പദ്ധതി.,MOSTLY FALSE
FAKE_3110,മുന്‍ കോണ്‍ഗ്രസ് സര്‍ക്കാര്‍ ഒന്നര വര്‍ഷത്തെ പെന്‍ഷന്‍ കുടിശിക വരുത്തിയിരുന്നു.,MOSTLY FALSE
FAKE_3111,കാശ്മീരിലെ മുസ്ലീം വിദ്യാര്‍ഥികള്‍ക്ക് മാത്രമായി കോണ്‍ഗ്രസ് സര്‍ക്കാര്‍ 2012ല്‍ നിര്‍മിച്ച ആഢംബര ഹോസ്റ്റല്‍.,MOSTLY FALSE
FAKE_3112,സമൂഹമാധ്യമങ്ങളില്‍ സര്‍ക്കാര്‍ ജീവനക്കാരെ നിരീക്ഷിക്കുന്നതിന് സര്‍ക്കുലര്‍ പുറത്തിറക്കി ആന്ധ്രാപ്രദേശ് സര്‍ക്കാര്‍,MOSTLY FALSE
FAKE_3113,ബ്രഹ്‌മപുരത്ത് തീ അണയ്ക്കാന്‍ ഹെലികോപ്റ്റര്‍ വാടകയ്ക്ക് എടുത്തു,MOSTLY FALSE
FAKE_3114,മോദി സർക്കാർ വിവാദപുരുഷനായ ധീരേന്ദ്ര ശാസ്ത്രിക്ക് Z+ സുരക്ഷ നൽകിയിരിക്കുന്ന നു. ധീരേന്ദ്ര ശാസ്ത്രിക്ക് 25 കമാൻഡോകളുടെ അകമ്പടിയും നൽകിയിരിക്കുന്നു.,MOSTLY FALSE
FAKE_3115,ക്ഷേത്രങ്ങളിലെ സര്‍ക്കാര്‍ ഇടപെടല്‍ വിലക്കി സുപ്രീംകോടതി വിധി.,MOSTLY FALSE
FAKE_3116,ക്ഷേത്രങ്ങള്‍ പൊളിച്ചു നീക്കി തമിഴ്‌നാട് ഡിഎംകെ സര്‍ക്കാര്‍ ഹിന്ദുക്കളോട് അനീതി കാട്ടുന്നു.,MOSTLY FALSE
FAKE_3117,കൃപാസനം രോഗശാന്തി കേന്ദ്രത്തിന് ഗവേഷണം നടത്താന്‍ സര്‍ക്കാര്‍ 50 ലക്ഷം രൂപ അനുവദിച്ചു.,MOSTLY FALSE
FAKE_3118,തമിഴ്‌നാട് സര്‍ക്കാര്‍ അനുമതി നിഷേധിച്ച പദസഞ്ചലനം ചെന്നൈയില്‍ നടത്തി ആര്‍എസ്എസ് .,MOSTLY FALSE
FAKE_3119,വിവിധ വകുപ്പുകളിലെ സര്‍ക്കാര്‍ ഉദ്യോഗസ്ഥരെന്ന വ്യാജേന വീടുകളിലെത്തി തട്ടിപ്പ് നടത്തുന്ന സംഘത്തെക്കുറിച്ച് മുന്നറിയിപ്പ്.,MOSTLY FALSE
FAKE_3120,സര്‍ക്കാര്‍ ആശുപത്രിയില്‍ സലൈന്‍ ബോട്ടില്‍ കയ്യില്‍ പിടിച്ച് കിടക്കുന്ന രോഗി,MOSTLY FALSE
FAKE_3121,കെഎസ്ആര്‍ടിസി പുതുതായി ആരംഭിച്ച സിറ്റി സര്‍ക്കുലര്‍ ഇലക്ട്രിക് ബസുകള്‍ FAME 2 പദ്ധതി പ്രകാരം കേന്ദ്ര സര്‍ക്കാര്‍ അനുവദിച്ചതാണ്.,MOSTLY FALSE
FAKE_3122,കേന്ദ്ര സര്‍ക്കാര്‍ ഇന്ത്യയിലെ മുഴുവന്‍ വിദ്യാര്‍ത്ഥികള്‍ക്കും സൗജന്യമായി ലാപ്‌ടോപ്പ് വിതരണം ചെയ്യുന്നു,MOSTLY FALSE
FAKE_3123,സ്‌കൂള്‍ ഉച്ചഭക്ഷണത്തിനായുള്ള പണം ഇനി വിദ്യാര്‍ഥികളുടെ അക്കൗണ്ടിലെത്തിക്കാന്‍ കേന്ദ്ര സര്‍ക്കാര്‍ തീരുമാനം.,MOSTLY FALSE
FAKE_3124,"വെള്ളക്കെട്ടുള്ള റോഡില്‍ നൃത്തം ചെയ്യുന്ന ഓട്ടോ ഡ്രൈവറുടെ വീഡിയോ, ആറുവര്‍ഷമായി കേരളം ഭരിക്കുന്ന ഇടുപക്ഷ സര്‍ക്കാരിന്റെ പുതിയ പദ്ധതിയാണിത്.",MOSTLY FALSE
FAKE_3125,കോന്നി എംഎൽഎ കെ.യു ജനീഷ് കുമാർ ഹെലികോപ്റ്റര്‍ ജീവനക്കാരനെ കൈയ്യേറ്റം ചെയ്തു,MOSTLY FALSE
FAKE_3126,"1996ന് ശേഷം നിര്‍മിച്ച 1000 സ്‌ക്വയര്‍ മീറ്ററിന് മുകളില്‍ വിസ്തീര്‍ണ്ണമുള്ള വീട്ടുടമകള്‍ 15,000 രൂപയും പലിശയും അടയ്ക്കാന്‍ കേരള സര്‍ക്കാര്‍ ഉത്തരവ്.",MOSTLY FALSE
FAKE_3127,കുട്ടികൾക്ക് മുട്ടയും പാലും നൽകുന്ന പദ്ധതി യഥാർത്ഥത്തിൽ കേന്ദ്ര സർക്കാരിന്‍റെ അക്ഷയപാത്രം എന്ന പദ്ധതിയാണെന്നും സംസ്ഥാന സർക്കാർ പേരുമാറ്റി ഇപ്പോൾ തങ്ങളുടേതാക്കി അവതരിപ്പിക്കുകയാണ്,MOSTLY FALSE
FAKE_3128,ലോകകപ്പിനിടെ ബെംഗളൂരുവില്‍ സ്ഫോടനം എന്ന വ്യാജ പ്രചാരണവുമായി പാക് ട്വിറ്റര്‍ ഹാന്‍ഡിലുകള്‍,MOSTLY FALSE
FAKE_3129,"നായിക ഇല്ലാത്ത സിനിമ സ്ത്രീത്വത്തെ അപമാനിക്കൽ, പരാതി ലഭിച്ചാൽ മമ്മൂട്ടി കമ്പനിക്കെതിരെ കേസെടുക്കുമെന്ന് വനിതാ കമ്മിഷൻ അംഗം ഷാഹിദ കമാൽ",MOSTLY FALSE
FAKE_3130,"മഹാത്മാഗാന്ധിയെ കുടാതെ ഇന്നി രബീന്ദ്രനാഥ് ടാഗോര്‍, എ.പി.ജെ. അബ്ദുല്‍ കലാം എന്നിവരുടെയും ചിത്രങ്ങളുള്ള നോട്ടുകള്‍ കേന്ദ്ര സര്‍ക്കാര്‍ ഇറക്കാന്‍ ഒരുങ്ങുന്നു",MOSTLY FALSE
FAKE_3131,അസം സര്‍ക്കാര്‍ എല്ലാ മദ്രസകളും അടച്ചുപൂട്ടാന്‍ ഉത്തരവിട്ടു.,MOSTLY FALSE
FAKE_3132,അല്ലാഹുവാണ് മഴ തരുന്നത് എന്ന് കേരളാ സിലബസ് പുസ്തകം.,MOSTLY FALSE
FAKE_3133,സിൽവർലൈൻ വിഷയത്തിൽ കേരള സർക്കാർ നടത്തിയ വിശദീകരണ യോഗത്തിന്റെ വീഡിയോ; ജനപങ്കാളിത്തം വളരെ കുറവ്.,MOSTLY FALSE
FAKE_3134,സ്വകാര്യ സ്ഥാപനമായ മദ്രസകളിലെ മൗലവിക്ക് സര്‍ക്കാര്‍ ശമ്പളം നല്‍കുമ്പോള്‍ സര്‍ക്കാര്‍ ഉടമസ്ഥതിയലുള്ള ക്ഷേത്ര പൂജാരിക്ക് ഇത് നിഷേധിക്കുന്നു.,MOSTLY FALSE
FAKE_3135,"450,000 വിദേശീയർക്ക് കനേഡിയൻ സർക്കാർ ചെലവിൽ താമസവും ഭക്ഷണവും മറ്റു ആനുകൂല്യങ്ങളും സഹിതം ജോലി അവസരം.",MOSTLY FALSE
FAKE_3136,സംസ്ഥാനത്ത് ഒന്നാം തീയതിയിലെ ഡ്രൈ ഡേ സര്‍ക്കാര്‍ ഒഴിവാക്കി,MOSTLY FALSE
FAKE_3137,ഉത്തരപ്രദേശിൽ വീണ്ടും യോഗി സർക്കാർ അധികാരത്തിൽ വന്നതിന്റെ സന്തോഷ സൂചകമായി ഭാരതത്തിലെ എല്ലാ ഉപയോക്താക്കൾക്കും 3 മാസത്തേക്ക് സൗജന്യ റീചാർജ് നൽകുന്നു.,MOSTLY FALSE
FAKE_3138,ജയിലുകളിൽ കഴിയുന്ന 1850 കൊടും കുറ്റവാളികളെ മോചിപ്പിക്കാനുള്ള സർക്കാർ തീരുമാനത്തെ ഗവർണർ എതിർത്തു.,MOSTLY FALSE
FAKE_3139,കേന്ദ്ര സർക്കാർ പദ്ധതിയുടെ പേരുമാറ്റി കേരളസർക്കാർ അവതരിപ്പിച്ച പ്രോജക്ട് ആണ് കെ-ഫോൺ,MOSTLY FALSE
FAKE_3140,സർക്കാരിന്‍റെ സിവിൽ സർവീസസ് അക്കാദമിയില്‍ മുസ്ലിം വിദ്യാര്‍ഥികള്‍ക്ക് മാത്രം 50% സംവരണം നല്‍കുന്നു,MOSTLY FALSE
FAKE_3141,UPA സര്‍ക്കാര്‍ ഓയില്‍ ബോണ്ടിന് വേണ്ടി 2.5 ലക്ഷം കോടി ഡോളറിന്‍റെ കടം വാങ്ങി,MOSTLY FALSE
FAKE_3142,ഇന്ത്യയിലെ മുസ്ലിങ്ങള്‍ യഥാര്‍ത്ഥ മുസ്ലിങ്ങളല്ലെന്ന് ഖത്തര്‍ ഭരണാധികാരി,MOSTLY FALSE
FAKE_3143,ബലാല്‍സംഗത്തിന് ഇരയായ അഞ്ചുവയസ്സുകാരിയുമായി പിതാവിന്‍റെ പ്രതിഷേധം,MOSTLY FALSE
FAKE_3144,വിവിധ വാഹന ടാക്സ് നിരക്കുകൾ സംസ്‌ഥാന സർക്കാർ കൂട്ടി.,MOSTLY FALSE
FAKE_3145,കാനഡ’ക്കെതിരെ ‘കാനറ’ബാങ്കിന് മുന്നില്‍ പ്രതിഷേധിക്കുന്ന ബി‌ജെ‌പി പ്രവര്‍ത്തകര്‍,MOSTLY FALSE
FAKE_3146,ഗാസയില്‍ പലസ്‌തീനികള്‍ വ്യാജ ശവസംസ്‌കാര ചടങ്ങ് നടത്തി? വീഡിയോയുടെ വസ്‌തുത പുറത്ത്,MOSTLY FALSE
FAKE_3147,ആധാര്‍ കാര്‍ഡ് ഡ്രൈവിങ് ലൈസന്‍സുമായി ബന്ധിപ്പിക്കണമെന്ന് സര്ക്കാര്‍ അറിയിപ്പ്,MOSTLY FALSE
FAKE_3148,ബ്ലഡ് ക്യാൻസറിന് സൗജന്യ മരുന്ന് വിതരണം,MOSTLY FALSE
FAKE_3149,"മന്ത്രിമാരുടെ പേഴ്‌സണല്‍ സ്റ്റാഫുകള്‍ക്ക് ശമ്പളം നല്‍കാന്‍ അഞ്ചു വര്‍ഷത്തേയ്ക്ക് 155 കോടി രൂപ ചിലവാകുന്നു. രണ്ടു വര്‍ഷം പൂര്‍ത്തിയാക്കിയ ജീവനക്കാരുടെ പെന്‍ഷന്‍ 83,000 രൂപയാണ്.",MOSTLY FALSE
FAKE_3150,ജാര്‍ഖണ്ഡ് സര്‍ക്കാര്‍. ഒരു ലിറ്റര്‍ പെട്രോളിന് 25 രൂപ കുറച്ചു.,MOSTLY FALSE
FAKE_3151,കേരളത്തിലെ ജോഡോ യാത്രയ്ക്കിടയിൽ രാഹുൽ ഗാന്ധി ഭക്ഷണം കഴിക്കാൻ . കർണാടകയിലും രാഹുൽഗാന്ധി ആഹാരത്തിനായി സാധാരണ കടകളെ ആശ്രയിക്കുന്ന വാർത്ത മനോരമ പ്രസിദ്ധീകരിച്ചു,MOSTLY FALSE
FAKE_3152,50% മുകളിൽ മുസ്ലിം വിദ്യാർഥികൾ പഠിക്കുന്ന സ്കൂളുകൾ മുഹമ്മദീൻ ഗവണ്മെന്റ് സ്കൂൾ എന്ന് നാമകരണം ചെയ്യണമെന്നുള്ള ബില്ല്,MOSTLY FALSE
FAKE_3153,പിണറായി സർക്കാരിന്റെ ഭരണകാലത്ത് വിശപ്പ് സഹിക്കാനാകാതെ പെൺകുട്ടി ആത്മഹത്യ ചെയ്തു.,MOSTLY FALSE
FAKE_3154,50 ശതമാനത്തിനു മുകളില്‍ മുസ്ലീം കുട്ടികള്‍ പഠിക്കുന്ന സര്‍ക്കാര്‍ സ്‌കൂളുകളുടെ പേര് മുഹമ്മദന്‍ ഗവ.സ്‌കൂള്‍ എന്നാക്കാനുള്ള ബില്ല് കേരളം പാസാക്കിയിട്ടുണ്ട്. മുന്‍പ് വിദ്യാഭ്യാസ വകുപ്പ് കൈകാര്യം ചെയ്ത മുസ്ലീം ലീഗുകാരായ മന്ത്രിമാരാണ് ഇതിനു പിന്നില്‍.,MOSTLY FALSE
FAKE_3155,അജിത്തിന് സർക്കാർ ജോലി നൽകുക എന്നു സാംസ്‌കാരിക പ്രവർത്തകർ ആവശ്യപ്പെട്ടു,MOSTLY FALSE
FAKE_3156,പട്ടിണി നിർമ്മാർജ്ജനം കേന്ദ്ര സർക്കാർ കേരളത്തെ മാതൃകയാക്കണം എന്ന് സുപ്രീം കോടതി,MOSTLY FALSE
FAKE_3157,നവംബർ 4ന് ശേഷം ഇന്ധനത്തിനുമേൽ സംസ്ഥാനങ്ങൾ ചുമത്തുന്ന VAT കുറക്കാത്ത ഏക സർക്കാർ കേരളത്തിലേതാണ്,MOSTLY FALSE
FAKE_3158,യുദ്ധത്തിൽ കൊല്ലപ്പെട്ടവർക്കും ജവാന്മാർക്കും ഇന്ത്യൻ സൈന്യത്തിനു ആയുധങ്ങൾ വാങ്ങുന്നതിനുമായി മോദി സർക്കാർ ഇപ്പോൾ പ്രത്യേകമായി ഒരു പുതിയ പദ്ധതി ആരംഭിച്ചിട്ടുണ്ട്.,MOSTLY FALSE
FAKE_3159,"എന്തൊരു ദുരവസ്ഥ, മരിച്ച ആന്‍ഡ്രൂ സൈമണ്ട്‌സിന്‍റെ പേരിലും വ്യാജ പ്രചാരണം! സംഭവം ഞെട്ടിക്കുന്നത്",MOSTLY FALSE
FAKE_3160,തൃക്കാക്കരയിലെ വ്യാജ വീഡിയോ വിവാദത്തില്‍ പിടിയിലായത് സിപിഎം പ്രവര്‍ത്തകന്‍,MOSTLY FALSE
FAKE_3161,ഉത്തർപ്രദേശ് സർക്കാർ കുട്ടികളെ പീഡിപ്പിക്കുന്നവർക്ക് വധശിക്ഷ നൽകുന്ന ബിൽ അസംബ്ലിയിൽ പാസ്സാക്കാൻ ഒരുങ്ങുന്നു.,MOSTLY FALSE
FAKE_3162,നടി കുളപുള്ളി ലീല അന്തരിച്ചു,MOSTLY FALSE
FAKE_3163,സംവിധായകനും നടനുമായ മധുമോഹൻ അന്തരിച്ചു.,MOSTLY FALSE
FAKE_3164,ഉക്രൈനിയൻ മാധ്യമങ്ങൾ യുദ്ധ മരണങ്ങളെ കുറിച്ച് വ്യാജ വാർത്ത പ്രചരിപ്പിക്കുന്നു,MOSTLY FALSE
FAKE_3165,സംസ്ഥാനത്ത് ഒന്നാം തീയതിയിലെ ഡ്രൈ ഡേ ഒഴിവാക്കി,MOSTLY FALSE
FAKE_3166,കെഎസ്ആര്‍ടിസി ബസുകള്‍ നിര്‍മിക്കാനുള്ള ഷാസികള്‍ ഉപയോഗിക്കാതെ നശിക്കുകയാണ്. ഇത്രയധികം ഷാസികള്‍ ഉണ്ടായിട്ടും അവ നിര്‍മിക്കാതെ പുതിയ ബസിന് ഓര്‍ഡര്‍ നല്‍കി നികുതിപ്പണം കൊള്ളയടിക്കുകയാണ് സര്‍ക്കാര്‍.,MOSTLY FALSE
FAKE_3167,കാശ്മീരിലെ മച്ചില്‍ എന്‍കൗണ്ടറില്‍ അവസാനം മോദി സര്‍ക്കാരിന്റെ ഇടപെടല്‍. ജീവപര്യന്തത്തിന് ശിക്ഷിച്ച അഞ്ച് സൈനികരെ മോചിപ്പിക്കാനുള്ള തീരുമാനം മോദി സര്‍ക്കാര്‍ എടുത്തു.,MOSTLY FALSE
FAKE_3168,സര്‍ക്കാരിന്റെ ഔദ്യോഗിക വെബ്‌സൈറ്റില്‍ മുന്‍ മുഖ്യമന്ത്രിമാരുടെ പേരുകള്‍ ഉള്‍പ്പെടെ തെറ്റായ പരിഭാഷയോടെ നല്‍കിയിരിക്കുന്നു.,MOSTLY FALSE
FAKE_3169,കേന്ദ്ര സർക്കാർ വാഹന രജിസ്ട്രേഷൻ തുക എട്ടിരട്ടി കൂട്ടി.,MOSTLY FALSE
FAKE_3170,സ്വന്തമായി വാഹനമുള്ളവര്‍ക്ക് സര്‍ക്കാര്‍ പെന്‍ഷന്‍ ലഭിക്കില്ല.,MOSTLY FALSE
FAKE_3171,സർക്കാർ ആശുപത്രിയിൽ ഇനിമുതൽ സൗജന്യ ചികിത്സയില്ല.,MOSTLY FALSE
FAKE_3172,ഇത് നീലേശ്വരത്ത് ലോട്ടറി വില്‍പന നടത്തുന്ന ഗൗരി അന്തര്‍ജനം. സാമ്പത്തികമായി പിന്നോക്കം നില്‍ക്കുന്ന ഇവര്‍ ഉയര്‍ന്ന ജാതിക്കാരിയായതിനാല്‍ സര്‍ക്കാര്‍ ആനുകൂല്യങ്ങളൊന്നും ലഭിക്കുന്നില്ല.,MOSTLY FALSE
FAKE_3173,പ്രധാനമന്ത്രി നരേന്ദ്ര മോദിയുടെ ചിത്രം വെച്ച് തിരുവനന്തപുരം സര്‍ക്കാര്‍ എഞ്ചിനീയറിംഗ് കോളേജിലെ ടോപ്പര്‍മാരെ അഭിനന്ദനങ്ങള്‍ അര്‍പ്പിക്കുന്ന ബാനര്‍,MOSTLY FALSE
FAKE_3174,സംസ്ഥാന സര്‍ക്കാര്‍ നല്‍കുന്ന കിറ്റ് ആണ് രമ്യ ഹരിദാസ് പിടിച്ചിട്ടുള്ളത്,MOSTLY FALSE
FAKE_3175,എല്ലാവർക്കും സൗജന്യ വൈഫൈ… സമ്പൂർണ ഡിജിറ്റൽ ഉത്തർപ്രദേശ് ലക്ഷ്യമിട്ട് സർക്കാരിന്‍റെ ചരിത്ര പ്രഖ്യാപനം,MOSTLY FALSE
FAKE_3176,തന്നെ ജയിലിലടച്ചാൽ ആരും സങ്കടപ്പെടരുത് എനിക്ക് മുൻപും പല മഹാന്മാരും ജയിലിൽ കിടന്നിട്ടുണ്ട് കുഴൽപണ കവർച്ചാ കേസ് അറസ്റ്റ് അടുക്കുമ്പോൾ അടവ് മാറ്റി സുരേന്ദ്രൻ,MOSTLY FALSE
FAKE_3177,രോഗിയുടെ നെഞ്ചില്‍ പാറ്റകുടുങ്ങിയതായി എക്‌സ്‌റേ റിപ്പോര്‍ട്ടില്‍ കണ്ടെത്തി. ഗുജറാത്തിലെ സര്‍ക്കാര്‍ ആശുപത്രിയിലെ എക്‌സ്‌റേ മെഷീനില്‍ പാറ്റയുണ്ടായിരുന്നതെന്ന് കണ്ടെത്തിയത് കേരളത്തിലെ ഡോക്റ്റര്‍മാര്‍.,MOSTLY FALSE
FAKE_3178,മണ്ണാറശാല അമ്പലത്തിലെ മുഖ്യ പൂജാരി മരിച്ചു,MOSTLY FALSE
FAKE_3179,കേരള സര്‍ക്കാര്‍ പന്നിവളര്‍ത്തല്‍ നിരോധിച്ചു.,MOSTLY FALSE
FAKE_3180,ഇതാണ് യു.പി പോലീസിന്റെ മാജിക് സ്പർശന മാത്രയാൽ അംഗവൈകല്യം ഉള്ളയാൾ എഴുന്നേറ്റ് നടക്കുന്നു,MOSTLY FALSE
FAKE_3181,ചൂടുള്ള തേങ്ങാവെള്ളം കാന്‍സര്‍ അകറ്റും,MOSTLY FALSE
FAKE_3182,ആർസിസി പുറത്തിറക്കിയ ക്യാൻസർ വരാതിരിക്കാനുള്ള മുൻകരുതലുകൾ.,MOSTLY FALSE
FAKE_3183,ശ്രീലങ്കന്‍ സര്‍ക്കാര്‍ കണ്ടെത്തിയ രാവണന്റെ മൃതദേഹം.,MOSTLY FALSE
FAKE_3184,കുടിശിക ഉടൻ അടച്ചില്ലെങ്കിൽ വൈദ്യതി കട്ട് ചെയ്യും എന്ന സന്ദേശം,MOSTLY FALSE
FAKE_3185,"Omicron XB ,ഡെൽറ്റ വേരിയന്റിനേക്കാൾ 5 മടങ്ങ് അപകടകാരി",MOSTLY FALSE
FAKE_3186,"പ്രധാനമന്ത്രിയുടെ വക മൂന്ന് മാസത്തെ സൗജന്യ മൊബൈല്‍ റീച്ചാര്‍ജ്'! സന്ദേശം വൈറല്‍, അപേക്ഷിക്കേണ്ടതുണ്ടോ?",MOSTLY FALSE
FAKE_3187,"വാട്ട്സ്ആപ്പിൽ ഒരു സന്ദേശം വൈറൽ ആയിക്കൊണ്ടിരിക്കുകയാണ്. ഒരു ഉപയോക്താവ് അത്തരം ഒരു സന്ദേശം, വസ്തുതാപരിശോധനക്കായി ഞങ്ങളുടെ വാട്ട്സ്ആപ്പിലേക്കും അയച്ചു. ആ സന്ദേശം ഇങ്ങിനെയാണ്, 'ഞങ്ങളുടെ 68മത് വാർഷികവേളയിൽ, ഏറ്റവും പുതിയ ഒരു 2021 ടൊയോട്ട 4റണ്ണർ, ശനിയാഴ്ച വൈകുന്നേരം 4 മണിക്കുള്ളിൽ (D...",MOSTLY FALSE
FAKE_3188,യോഗി സര്‍ക്കാര്‍ അധികാരമേറ്റെടുക്കും മുന്‍പ് യുപിയില്‍ 12 മെഡിക്കല്‍ കോളെജുകള്‍ മാത്രമാണ് ഉണ്ടായിരുന്നത്,MOSTLY FALSE
FAKE_3189,UPA സര്‍ക്കാര്‍ അഫ്ഗാനിസ്ഥാനില്‍ പാര്‍ലമെന്‍റ് നിര്‍മിച്ചത് 969 കോടി രൂപക്കാണ്,MOSTLY FALSE
FAKE_3190,മദ്രസ അധ്യാപകര്‍ക്ക് ശമ്പളവും പെന്‍ഷനും നല്‍കാന്‍ സര്‍ക്കാര്‍ ഖജനാവില്‍ നിന്ന് കോടികള്‍ ചെലവഴിക്കുന്നു,MOSTLY FALSE
FAKE_3191,"രാജ്യത്തെ ഇന്ധന വില വർദ്ധിച്ചുകൊണ്ടിരിക്കുന്ന സാഹചര്യത്തിൽ അനാവശ്യ യാത്രകൾ ഒഴിവാക്കാനാണ് സർക്കാർ പെട്രോളിന് വില വർദ്ധിപ്പിച്ചത് എന്ന് കേന്ദ്ര ധനകാര്യമന്ത്രി നിർമ്മല സീതാരാമൻ പറഞ്ഞു, എന്ന് ""24 ന്യൂസ്‌ "" വാർത്ത.",MOSTLY FALSE
FAKE_3192,സ്വകാര്യ മേഖലയിൽ കേരളത്തിൽ സൗജന്യ കോവിഡ് ചികിത്സ സർക്കാർ വാഗ്ദാനം ചെയ്തിട്ടുണ്ട്,MOSTLY FALSE
FAKE_3193,തൃശൂർ പൂരത്തിനു അനുമതി കൊടുക്കാത്ത സംസ്‌ഥാന സർക്കാർ മുസ്ലിം സമുദായത്തിന് ഇഫ്‌താർ വിരുന്ന് നടത്താൻ അനുമതി നൽകി,MOSTLY FALSE
FAKE_3194,ലോകാരോഗ്യ സംഘടനയുടെ സന്ദേശം -തലച്ചോറിനെ നശിപ്പിക്കുന്ന ഏഴു ശീലങ്ങള്‍:,MOSTLY FALSE
FAKE_3195,കുട്ടികളിലെ ലഹരി ഉപയോഗം രക്ഷിതാക്കള്‍ക്ക് കേരള പൊലീസിന്റെ ജാഗ്രതാ നിര്‍ദ്ദേശം.,MOSTLY FALSE
FAKE_3196,കേന്ദ്ര സർക്കാർ പാസ്സാക്കിയ പൗരത്വ നിയമം നടപ്പാക്കാനാണ് കേരളത്തിലും തടങ്കൽപ്പാളയം പണിയുന്നത്,MOSTLY FALSE
FAKE_3197,രണ്ടു മാസകാലയളവിൽ KSEB ബിൽ ചെയ്യുന്നത് ജനങ്ങൾക്ക് നഷ്‌ടം,MOSTLY FALSE
FAKE_3198,50 വയസുള്ള സ്ത്രീകള്‍ യുവതികളാണെന്ന് സുപ്രീം കോടതി വിധി,MOSTLY FALSE
FAKE_3199,കാന്‍സര്‍ പ്രതിരോധത്തിനായി ആര്‍‌സി‌സിയിലെ ഡോക്ടര്‍മാര്‍ നല്‍കിയ സന്ദേശം,MOSTLY FALSE
FAKE_3200,ഉത്തര്‍പ്രദേശില്‍ പിന്നോക്ക സമുദായത്തിലെ കുട്ടികളുടെ വിദ്യാഭ്യാസം യോഗി സര്‍ക്കാര്‍ നിര്‍ത്തലാക്കി.,MOSTLY FALSE
FAKE_3201,അവസാന വര്‍ഷത്തില്‍ എല്‍.ഡി.എഫ് സര്‍ക്കാര്‍ പരസ്യ ഇനത്തില്‍ 200 കോടി ചെലവാക്കി,MOSTLY FALSE
FAKE_3202,ഏതൊരു മലയാളിയേയും പോലെ പിണറായി സർക്കാരിന്റെ തുടർഭരണത്തിനായി ആഗ്രഹിക്കുന്നെന്ന് ഫഹദ് ഫാസിൽ,MOSTLY FALSE
FAKE_3203,"വാട്സപ്പില്‍ നിങ്ങളുടെ കോളുകള്‍ റെക്കോര്‍ഡ്‌ ചെയ്യുകയും നിങ്ങളുടെ വാട്സാപ്പ്, ഫെസ്ബൂക്ക്, ഇന്‍സ്റ്റാഗ്രാംഅക്കൗണ്ടുകള്‍ സര്‍ക്കാര്‍ നിരിക്ഷിക്കുകയും ചെയ്യും",MOSTLY FALSE
FAKE_3204,"അതിഭീകരമായി ഒരു ഭരണകൂടം വേട്ടയാടിയ മനുഷ്യനാണ്, തല്ലി ചതച്ചിട്ടും തോറ്റു പോകാത്ത വീര്യമാണ്. സഖാവ് പി കെ കുഞ്ഞനന്തന് അന്ത്യാഭിവാദ്യങ്ങൾ...",MOSTLY FALSE
FAKE_3205,"ഫേസ്ബുക്ക് പേജിൽ ‘ബർഹാരിയ സിവാൻ’ എഴുതി, “മുഗൾ ഗാർഡന്റെ പേര് അശോക് വാടിക എന്ന് മാറ്റാൻ സർക്കാർ ഒരുങ്ങുകയാണ്. ഞങ്ങൾ സമയം കാര്യമാക്കുന്നില്ല”.",MOSTLY FALSE
FAKE_3206,കോവിഡ് ദുരിതാശ്വാസമായി സർക്കാർ 2000 രൂപ നൽകുന്നു,MOSTLY FALSE
FAKE_3207,പുതുതായി വൈദ്യുതി കണക്ഷൻ എടുക്കുന്നവർക്ക് പോസ്റ്റും കണക്ഷനും തികച്ചും സൗജന്യമാണ്. കേന്ദ്ര സർക്കാരിൻറെ പദ്ധതിയിൽ പദ്ധതിയായ ദീൻ ദയാൽ ഗ്രാമീണ യോജന – എല്ലാവർക്കും വൈദ്യുതി പദ്ധതി,MOSTLY FALSE
FAKE_3208,അപകടത്തിൽ മരിച്ച സുധീറിന്‍റെയും ഭാര്യയുടെയും’ വൃക്കദാനത്തെക്കുറിച്ചുള്ള സന്ദേശം,MOSTLY FALSE
FAKE_3209,സൗജന്യ പ്രമേഹ പരിശോധനക്കെത്തുന്നവര്‍ എയ്ഡ്‌സ് പടര്‍ത്താന്‍ എത്തുന്നവരാണ്,MOSTLY FALSE
FAKE_3210,ണ്ണാറശാല അമ്മയ്ക്ക് അന്ത്യാഞ്ജലി,MOSTLY FALSE
FAKE_3211,60 വയസ്സ് കഴിഞ്ഞവർക്ക് 10000 രൂപ പെൻഷൻ നല്‍കാന്‍ മോദി സർക്കാർ ഒരുങ്ങുന്നു,MOSTLY FALSE
FAKE_3212,ത്രിപുര മുന്‍മുഖ്യമന്ത്രി മണിക് സർക്കാർ ‘ബിജെപിയിലേക്ക്’,MOSTLY FALSE
FAKE_3213,കമ്മ്യൂണിസ്റ്റ് പാർട്ടി അംഗങ്ങളെയും അവരുടെ കുടുംബങ്ങളെയും അമേരിക്കയിലേക്ക് പ്രവേശിക്കുന്നതിൽ നിന്നും പൂർണ്ണമായും വിലക്കാൻ ഒരുങ്ങി അമേരിക്കൻ ഭരണകൂടം,MOSTLY FALSE
FAKE_3214,"ട്വിറ്റർ ഉപയോക്താവ് രംഗോളി ചന്ദൽ വൈറൽ ഫോട്ടോകൾ (ആർക്കൈവ് ലിങ്ക്) പങ്കിട്ടു, “അദ്ദേഹം # അർനബ് ഗോസ്വാമി ആണെന്ന് വിശ്വസിക്കാൻ കഴിയില്ല… അത് യഥാർത്ഥമാണെങ്കിൽ… മഹാരാഷ്ട്ര സർക്കാർ കരി ദിനത്തിനായി ഒരുങ്ങുന്നു. ഞാൻ ഭയങ്കര അസ്വസ്ഥനാണ്. ബ്ലാക്ക്ഡേ 4 പ്രസ്സ്.”",MOSTLY FALSE
FAKE_3215,അമേരിക്കയില്‍ നിന്ന് വൈദ്യശാസ്ത്രം പഠിച്ചിട്ടും പൊള്ളാച്ചിയില്‍ സര്‍ക്കാര്‍ ആശുപത്രിയില്‍ പാവങ്ങളെ സേവിക്കുന്ന ഡോ. ഫാത്തിമയുടെ ചിത്രം.,MOSTLY FALSE
FAKE_3216,പാലം തകര്‍ന്നിടത്ത് നിന്നും കമ്പി കിട്ടിയാല്‍ അറിയിക്കാമെന്ന് മന്ത്രി മുഹമ്മദ് റിയാസ്,MOSTLY FALSE
FAKE_3217,കോഴിക്കോട്ട് നടന്ന k rail വിശദീകരണ യോഗത്തിലെ ഒഴിഞ്ഞ കസേരകൾ.,MOSTLY FALSE
FAKE_3218,കോഴിക്കോട് തളി ശിവക്ഷേത്രം നിൽക്കുന്ന പ്രദേശം മർക്കസ് ദുവ എന്ന് പുനർനാമകരണം ചെയ്തു,MOSTLY FALSE
FAKE_3219,കോഴിക്കോട്ട് നടന്ന k rail വിശദീകരണ യോഗത്തില്‍ ആരും പങ്കെടുത്തില്ല,MOSTLY FALSE
FAKE_3220,ഐ.എ.എസ് ഇന്‍റര്‍വ്യൂവില്‍ കോഴിക്കോട് സബ് കളക്റ്റര്‍ ശ്രീധന്യ സുരേഷ് നേരിട്ട ചോദ്യങ്ങളെയും നല്‍കിയ ഉത്തരങ്ങളെയും കുറിച്ചുള്ള ലേഖനം,MOSTLY FALSE
FAKE_3221,കോഴിക്കോട് ചിന്തന്‍ ശിബിരത്തില്‍ പങ്കെടുക്കാത്തതുമായി ബന്ധപ്പെട്ട മാധ്യമങ്ങളുടെ ചോദ്യത്തിന് രോഷാകുലനായി പ്രതികരിക്കുന്ന മുല്ലപ്പള്ളി രാമചന്ദ്രന്‍.,MOSTLY FALSE
FAKE_3222,കോഴിക്കോട് റെയില്‍വെ സ്‌റ്റേഷനില്‍ നിന്ന് 650 കിലോ പഴകിയ കോഴിയിറച്ചി പിടിച്ചുകോഴിക്കോട് റെയില്‍വെ സ്‌റ്റേഷനില്‍ നിന്ന് 650 കിലോ പഴകിയ കോഴിയിറച്ചി പിടിച്ചു,MOSTLY FALSE
FAKE_3223,ഡിസംബർ 9നു കോഴിക്കോട് റെക്കോഡ് മദ്യവില്‍പന.,MOSTLY FALSE
FAKE_3224,വഖഫ് സംരക്ഷണത്തിനായുള്ള മുസ്ലീം ലീഗ് സമ്മേളനം കോഴിക്കോട് ബീച്ചില്‍ നടന്നതിനു തൊട്ടടുത്ത ദിവസം ബെവ്‌കോ പുറത്തുവിട്ട കണക്കില്‍ കോഴിക്കോട് ജില്ലയില്‍ റെക്കോഡ് മദ്യ വില്‍പന.,MOSTLY FALSE
FAKE_3225,പൊതുമരാമത്ത് വകുപ്പ് കോഴിക്കോട് നിര്‍മിച്ച റോഡ്.,MOSTLY FALSE
FAKE_3226,കോഴിക്കോട് സിറ്റി ട്രാഫിക് പോലീസിന്‍റെ സന്ദേശം,MOSTLY FALSE
FAKE_3227,1970കളിൽ കോഴിക്കോട് ഫൂട്ബോൾ കളി കാണാൻ വന്ന സ്ത്രീകളുടെ ഫോട്ടോ.,MOSTLY FALSE
FAKE_3228,കോഴിക്കോട് തളി ശിവക്ഷേത്രത്തിൽ ദർശനം പൊലീസ് കാവലിൽ,MOSTLY FALSE
FAKE_3229,കണ്ണൂർ എയർപോർട്ടിന് ഭൂമി ഏറ്റെടുക്കുന്നതിന് എതിരെ സിപിഎം നടത്തിയ ഉപവാസം,MOSTLY FALSE
FAKE_3230,അമേരിക്കയില്‍ നടന്ന റിയാലിറ്റിഷോയില്‍ വിജയികളായ കണ്ണൂര്‍ പൊതുവാച്ചേരിയില്‍ നിന്നുള്ള ടീം,MOSTLY FALSE
FAKE_3231,കെപിസിസി അധ്യക്ഷൻ കെ.സുധാകരനെ കുറിച്ച് കണ്ണൂരിലെ ഡിസിസി ജനറൽ സെക്രട്ടറി ആരോപണങ്ങള്‍ ഉന്നയിക്കുന്നു,MOSTLY FALSE
FAKE_3232,പ്രിയ വര്‍ഗീസിന്‍റെ കണ്ണൂര്‍ സര്‍വകലാശാലയിലെ നിയമനം തടഞ്ഞ കോടതി വിധിക്കെതിരെ പ്രിയ വര്‍ഗീസും കുടുംബവും പ്രതിഷേധിക്കുന്ന വീഡിയോ,MOSTLY FALSE
FAKE_3233,കെപിസിസി പ്രസിഡന്റ് കെ.സുധാകരനെതിരെ കടുത്ത വിമര്‍ശനവുമായി കണ്ണൂര്‍ ഡിസിസി ജനറല്‍ സെക്രട്ടറി പ്രദീപ് വട്ടിപ്രം.,MOSTLY FALSE
FAKE_3234,കണ്ണൂർ എയർപോർട്ടിനായി ഭൂമി ഏറ്റെടുക്കുന്നതിനെതിരെ യുഡിഎഫ് സർക്കാരിൻറെ കാലത്ത് മട്ടന്നൂർ എംഎൽഎ പി ജയരാജന്റെ ഉപവാസ വേദിയിൽ സിപിഎം സംസ്ഥാന സെക്രട്ടറി കോടിയേരി ബാലകൃഷ്ണൻ നിൽക്കുന്ന ചിത്രം.,MOSTLY FALSE
FAKE_3235,ജോയ് ആലുക്കാസ് ജ്വല്ലറിയും ഭീമ ജ്വല്ലറിയും ചേർന്ന് തിരുവനന്തപുരം പദ്മനാഭ സ്വാമി ക്ഷേത്രത്തിന് സമർപ്പിച്ച വജ്രവും സ്വർണവും ചേർത്തുള്ള അനന്തശയന വിഗ്രഹം,MOSTLY FALSE
FAKE_3236,"""നടപ്പാക്കാൻ കഴിയില്ലെന്ന് പറഞ്ഞ് ഉമ്മൻ ചാണ്ടി സർക്കാർ ഇട്ടിട്ട് പോയതും UDF ഉം BJP യും ഒരേ ശബ്ദത്തിൽ നടത്താൻ കഴിയില്ലെന്ന് പിണറായിയെ വെല്ലുവിളിക്കുകയും ചെയ്ത ദേശീയ പാത. 2025 ൽ കാസർഗോഡ് മുതൽ തിരുവനന്തപുരം വരെ ഈ പാത ഇങ്ങനെ സൂപ്പറാകും. ആദ്യം പണിപൂർത്തിയായ കാസർഗോഡ് റീച്ചിലെ ദൃശ്യം",MOSTLY FALSE
FAKE_3237,"ഫെയ്‌സ്ബുക്ക് ഉപയോക്താവ് പുരുഷോത്തം തീർത്ഥഹള്ളി ഒരു സ്ത്രീയെ വിവരണം വായിച്ച് അഭിനന്ദിക്കുന്ന വീഡിയോ പോസ്റ്റ് ചെയ്തു, “ആനിസ് കൺമണി ജോയ് തിരുവനന്തപുരം മെഡിക്കൽ കോളേജിലെ നഴ്‌സായിരുന്നു. ഐ‌എ‌എസ് പൂർത്തിയാക്കിയ അവർ കൊഡാഗുവിൽ ഡിസ്ട്രിക്റ്റ് കമ്മീഷണറായി നിയമിതയായി. അവരുടെ നഴ്സിംഗ് അനുഭ...",MOSTLY FALSE
FAKE_3238,തിരുവനന്തപുരത്ത് കൊല്ലമ്പുഴയില്‍ വിചിത്രമായ മൃഗങ്ങള്‍ ഇറങ്ങിയിട്ടുണ്ട് അതില്‍ ഒന്ന് കൊല്ലപ്പെട്ടു എന്ന തരത്തില്‍ ഒരു വീഡിയോ,MOSTLY FALSE
FAKE_3239,ബ്രോയ്‌ലർ കോഴി യുടെ ഉപയാഗം കൂടുതൽ ഉള്ളവരാണ് തിരുവനന്തപുരം RCC-യിലെ 80% ക്യാൻസർ രോഗികൾ.,MOSTLY FALSE
FAKE_3240,പാലക്കാട് കൊലപാതകങ്ങളുടെ പശ്ചാത്തലില്‍ ആഭ്യന്തരവകുപ്പ് പരാജയമെന്ന് പണറായി വിജയന്‍ കുറ്റസമ്മതം നടത്തി.,MOSTLY FALSE
FAKE_3241,,MOSTLY FALSE
FAKE_3242,"ഏപ്രിൽ 23 , 2022ന് താനും സുപ്രിയ സൂലെയും വിവാഹിതരാകുന്നു എന്ന വിവരം തിരുവനന്തപുരം എംപി ശശി തരൂർ ട്വിറ്ററിലൂടെ അറിയിച്ചു",MOSTLY FALSE
FAKE_3243,500 രൂപയ്ക്ക് ആജീവനാന്ത ക്യാന്‍സര്‍ ചികിത്സാ പദ്ധതിയുമായി തിരുവനന്തപുരം ആര്‍സിസി.,MOSTLY FALSE
FAKE_3244,തെരുവിൽ പാട്ട് പാടി ജീവിക്കുന്ന തിരുവനന്തപുരം സംഗീത കോളേജിലെ പൂർവ വിദ്യാർഥി. തെറ്റ്.,MOSTLY FALSE
FAKE_3245,"തിരുവനന്തപുരം, കോവളത്ത് നൂറുകണക്കിന് സിപിഎമ്മുകാര്‍ പാര്‍ട്ടി വിട്ട് ബിജെപിയില്‍ ചേര്‍ന്നു.",MOSTLY FALSE
FAKE_3246,പാലക്കാട് ഇരുചക്രവാഹനങ്ങളിൽ പുരുഷന്മാരുടെ പിൻസീറ്റ് യാത്ര കേരളാ പോലീസ് പൂർണ്ണമായും നിരോധിച്ചു.,MOSTLY FALSE
FAKE_3247,ബിവറേജസ് ഔട്ട്‌ലെറ്റുകള്‍ തുറന്ന ആദ്യ ദിനത്തില്‍ പാലക്കാട് നിന്നുള്ള ചിത്രം,MOSTLY FALSE
FAKE_3248,ഇക്കഴിഞ്ഞ ദിവസം വയനാട് സന്ദര്‍ശിക്കാനെത്തിയ രാഹുല്‍ ഗാന്ധിയുടെ ചിത്രം.,MOSTLY FALSE
FAKE_3249,ഇഡി ചോദ്യം ചെയ്യലിനു ശേഷം വയനാട്ടിലെത്തിയ രാഹുല്‍ ഗാന്ധിക്ക് ലഭിച്ച സ്വീകരണം.,MOSTLY FALSE
